<?xml version="1.0" encoding="UTF-8" standalone="no"?><TaskList Version="2.0"><Task Active="false" ConnectorKind="local" CreationDate="2011-06-23 16:55:03.275 -0400" DueDate="" EndDate="" Estimated="0" Handle="local-3" Kind="task" Label="Complete Pole class" LastModified="now" MarkReadPending="false" ModificationDate="" Notes="" NotifiedIncoming="true" Owner="local" Priority="P3" Reminded="false" RepositoryUrl="local" ScheduledEndDate="2011-06-25 23:59:59.999 -0400" ScheduledStartDate="2011-06-19 00:00:00.0 -0400" Stale="false" TaskId="3" offlineSyncState="SYNCHRONIZED"/><Task Active="false" ConnectorKind="local" CreationDate="2011-06-23 16:46:06.847 -0400" DueDate="" EndDate="" Estimated="0" Handle="local-2" Kind="task" Label="Complete Customer Class" LastModified="now" MarkReadPending="false" ModificationDate="" Notes="" NotifiedIncoming="true" Owner="local" Priority="P3" Reminded="false" RepositoryUrl="local" ScheduledEndDate="2011-06-25 23:59:59.999 -0400" ScheduledStartDate="2011-06-19 00:00:00.0 -0400" Stale="false" TaskId="2" offlineSyncState="SYNCHRONIZED"/><Task Active="false" ConnectorKind="local" CreationDate="2011-06-23 16:17:22.159 -0400" DueDate="" EndDate="" Estimated="0" Handle="local-1" Kind="task" Label="Complete ConnectionManager" LastModified="now" MarkReadPending="false" ModificationDate="" Notes="" NotifiedIncoming="true" Owner="local" Priority="P3" Reminded="false" RepositoryUrl="local" ScheduledEndDate="2011-06-25 23:59:59.999 -0400" ScheduledStartDate="2011-06-19 00:00:00.0 -0400" Stale="false" TaskId="1" offlineSyncState="SYNCHRONIZED"/><TaskCategory Handle="Uncategorized" Name="Uncategorized"><TaskReference Handle="local-1"/><TaskReference Handle="local-2"/><TaskReference Handle="local-3"/></TaskCategory></TaskList>